Hatip Dicle (born 1954, Diyarbakir, Turkey), full name Mehmet Hatip Dicle, is a Turkish politician, of Kurdish origin, of the Peace and Democracy Party.
Hubbard Landing Seaplane Base is a privately owned public-use seaplane base in Baldwin County, Alabama, United States. It is located five nautical miles (6 mi, 9 km) southeast of the central business district of Stockton, Alabama.
Henriette Goverdine Anna "Jet" Roland Holst-van der Schalk (1869–1952) was a Dutch poet and council communist. She was nominated for the Nobel Prize in Literature.
The Sissle  is a long river in the Swiss canton of Aargau in Switzerland. It is a tributary of the Rhine and drains the eastern part of the Fricktal. The largest town on the river is Frick.
Xiaomi Corporation  is a Chinese electronics company headquartered in Beijing. Xiaomi makes and invests in smartphones, mobile apps, laptops, and related consumer electronics.
The Kurdish Textile Museum is a museum devoted to textiles produced in Iraqi Kurdistan. It was established in 2004 and is located in a renovated mansion in the southeast quarter of the Citadel of Arbil.
Caius  was Bishop of Milan in early 3rd-century. He is honoured as a Saint in the Catholic Church and his feast day is on September 27.
Russian-Armenian University   is an intergovernmental university being under the joint authority of the Russian Federation and Armenia. The university has a status of a higher educational institution in both states. The languages of instruction and communication at the university are Russian and Armenian.
The Princeton Painter was an Attic black-figure vase painter, active in the third quarter of the sixth century BC, just after Group E. His real name is not known.
Katrine Veje (born 19 June 1991) is a Danish football player who plays as a midfielder for Arsenal in the English Women's Super League and the Danish national team. She has previously played for LdB FC Malmö of Sweden's Damallsvenskan, Seattle Reign FC of the National Women's Soccer League as well as Odense Q and Brøndby IF of Denmark's Elitedivisionen.
